2019-11-26-15-09-50-713624,0,0
2019-11-26-15-09-50-721971,0,0
2019-11-26-15-09-50-739349,0,0
2019-11-26-15-09-50-771025,0,0
2019-11-26-15-09-50-805594,0,0
2019-11-26-15-09-50-836933,0,0
2019-11-26-15-09-50-873124,0,0
2019-11-26-15-09-50-908782,0,0
2019-11-26-15-09-50-937883,0,0
2019-11-26-15-09-50-971754,0,0
2019-11-26-15-09-51-003820,0,0
2019-11-26-15-09-51-039909,0,0
2019-11-26-15-09-51-070377,0,0
2019-11-26-15-09-51-104258,0,0
2019-11-26-15-09-51-138185,0,0
2019-11-26-15-09-51-172315,0,0
2019-11-26-15-09-51-205382,0,0
2019-11-26-15-09-51-239219,0,0
2019-11-26-15-09-51-271403,0,0
2019-11-26-15-09-51-306326,0,0
2019-11-26-15-09-51-340105,0,0
2019-11-26-15-09-51-372973,0,0
2019-11-26-15-09-51-407628,0,0
2019-11-26-15-09-51-439964,0,0
2019-11-26-15-09-51-473046,0,0
2019-11-26-15-09-51-506898,0,0
2019-11-26-15-09-51-540288,0,0
2019-11-26-15-09-51-572992,0,0
2019-11-26-15-09-51-608010,0,0
2019-11-26-15-09-51-643968,0,0
2019-11-26-15-09-51-674012,0,0
2019-11-26-15-09-51-706006,0,0
2019-11-26-15-09-51-738719,0,0
2019-11-26-15-09-51-771825,0,0
2019-11-26-15-09-51-805017,0,0
2019-11-26-15-09-51-840337,0,0
2019-11-26-15-09-51-871332,0,0
2019-11-26-15-09-51-904555,0,0
2019-11-26-15-09-51-938199,0,0
2019-11-26-15-09-51-971866,0,0
2019-11-26-15-09-52-004130,0,0
2019-11-26-15-09-52-039101,0,0
2019-11-26-15-09-52-073921,0,0
2019-11-26-15-09-52-106556,0,0
2019-11-26-15-09-52-141062,0,0
2019-11-26-15-09-52-173898,0,0
2019-11-26-15-09-52-208301,0,0
2019-11-26-15-09-52-241583,0,0
2019-11-26-15-09-52-275897,0,0
2019-11-26-15-09-52-307035,0,0
2019-11-26-15-09-52-342604,0,0
2019-11-26-15-09-52-376991,0,0
2019-11-26-15-09-52-422451,0,0
2019-11-26-15-09-52-443297,0,0
2019-11-26-15-09-52-474934,0,0
2019-11-26-15-09-52-507939,0,0
2019-11-26-15-09-52-542851,0,0
2019-11-26-15-09-52-574239,0,0
2019-11-26-15-09-52-607658,0,0
2019-11-26-15-09-52-642353,0,0
2019-11-26-15-09-52-674019,0,0
2019-11-26-15-09-52-708136,0,0
2019-11-26-15-09-52-741988,0,0
2019-11-26-15-09-52-776348,0,0
2019-11-26-15-09-52-810584,0,0
2019-11-26-15-09-52-844429,0,0
2019-11-26-15-09-52-903297,0,0
2019-11-26-15-09-52-917975,0,0
2019-11-26-15-09-52-947995,0,0
2019-11-26-15-09-52-980491,0,0
2019-11-26-15-09-53-012649,0,0
2019-11-26-15-09-53-047814,0,0
2019-11-26-15-09-53-081203,0,0
2019-11-26-15-09-53-114380,0,0
2019-11-26-15-09-53-148162,0,0
2019-11-26-15-09-53-181107,0,0
2019-11-26-15-09-53-213362,0,0
2019-11-26-15-09-53-247996,0,0
2019-11-26-15-09-53-279877,0,0
2019-11-26-15-09-53-312074,0,0
2019-11-26-15-09-53-347765,0,0
2019-11-26-15-09-53-380430,0,0
2019-11-26-15-09-53-414212,0,0
2019-11-26-15-09-53-447546,0,0
2019-11-26-15-09-53-482052,0,0
2019-11-26-15-09-53-516711,0,0
2019-11-26-15-09-53-550360,0,0
2019-11-26-15-09-53-581304,0,0
2019-11-26-15-09-53-615017,0,0
2019-11-26-15-09-53-650348,0,0
2019-11-26-15-09-53-682467,0,0
2019-11-26-15-09-53-717046,0,0
2019-11-26-15-09-53-749645,0,0
2019-11-26-15-09-53-785481,0,0
2019-11-26-15-09-53-817923,0,0
2019-11-26-15-09-53-849730,0,0
2019-11-26-15-09-53-882322,0,0
2019-11-26-15-09-53-916395,0,0
2019-11-26-15-09-53-948415,0,0
2019-11-26-15-09-53-984644,0,0
2019-11-26-15-09-54-015277,0,0
2019-11-26-15-09-54-048848,0,0
2019-11-26-15-09-54-080809,0,0
2019-11-26-15-09-54-114274,0,0
2019-11-26-15-09-54-149266,0,0
2019-11-26-15-09-54-183225,0,0
2019-11-26-15-09-54-214430,0,0
2019-11-26-15-09-54-251149,0,0
2019-11-26-15-09-54-283301,0,0
2019-11-26-15-09-54-317970,0,0
2019-11-26-15-09-54-352082,0,0
2019-11-26-15-09-54-383672,0,0
2019-11-26-15-09-54-418167,0,0
2019-11-26-15-09-54-451175,0,0
2019-11-26-15-09-54-485330,0,0
2019-11-26-15-09-54-515671,0,0
2019-11-26-15-09-54-549711,0,0
2019-11-26-15-09-54-583118,0,0
2019-11-26-15-09-54-617201,0,0
2019-11-26-15-09-54-650135,0,0
2019-11-26-15-09-54-681970,0,0
2019-11-26-15-09-54-718218,0,0
2019-11-26-15-09-54-752466,0,0
2019-11-26-15-09-54-783336,0,0
2019-11-26-15-09-54-815500,0,0
2019-11-26-15-09-54-851691,0,0
2019-11-26-15-09-54-882942,0,0
2019-11-26-15-09-54-915037,0,0
2019-11-26-15-09-54-950603,0,0
2019-11-26-15-09-54-981948,0,0
2019-11-26-15-09-55-017105,0,0
2019-11-26-15-09-55-053030,0,0
2019-11-26-15-09-55-085412,0,0
2019-11-26-15-09-55-118506,0,0
2019-11-26-15-09-55-152181,0,0
2019-11-26-15-09-55-188350,0,0
2019-11-26-15-09-55-216524,0,0
2019-11-26-15-09-55-252579,0,0
2019-11-26-15-09-55-284990,0,0
2019-11-26-15-09-55-316803,0,0
2019-11-26-15-09-55-353001,0,0
2019-11-26-15-09-55-385446,0,0
2019-11-26-15-09-55-418089,0,0
2019-11-26-15-09-55-451891,0,0
2019-11-26-15-09-55-483531,0,0
2019-11-26-15-09-55-516170,0,0
2019-11-26-15-09-55-551794,0,0
2019-11-26-15-09-55-583518,0,0
2019-11-26-15-09-55-615539,0,0
2019-11-26-15-09-55-650098,0,0
2019-11-26-15-09-55-682795,0,0
2019-11-26-15-09-55-716352,0,0
2019-11-26-15-09-55-750704,0,0
2019-11-26-15-09-55-786728,0,0
2019-11-26-15-09-55-818731,0,0
2019-11-26-15-09-55-852541,0,0
2019-11-26-15-09-55-884705,0,0
2019-11-26-15-09-55-919960,0,0
2019-11-26-15-09-55-952258,0,0
2019-11-26-15-09-55-986313,0,0
2019-11-26-15-09-56-020019,0,0
2019-11-26-15-09-56-053030,0,0
2019-11-26-15-09-56-086496,0,0
2019-11-26-15-09-56-118539,0,0
2019-11-26-15-09-56-153153,0,0
2019-11-26-15-09-56-185857,0,0
2019-11-26-15-09-56-219634,0,0
2019-11-26-15-09-56-253652,0,0
2019-11-26-15-09-56-284753,0,0
2019-11-26-15-09-56-316687,0,0
2019-11-26-15-09-56-353580,0,0
2019-11-26-15-09-56-386502,0,0
2019-11-26-15-09-56-420185,0,0
2019-11-26-15-09-56-453908,0,0
2019-11-26-15-09-56-485925,0,0
2019-11-26-15-09-56-518002,0,0
2019-11-26-15-09-56-554355,0,0
2019-11-26-15-09-56-585775,0,0
2019-11-26-15-09-56-618753,0,0
2019-11-26-15-09-56-655493,0,0
2019-11-26-15-09-56-686114,0,0
2019-11-26-15-09-56-719980,0,0
2019-11-26-15-09-56-758914,0,0
2019-11-26-15-09-56-786476,0,0
2019-11-26-15-09-56-821934,0,0
2019-11-26-15-09-56-854867,0,0
2019-11-26-15-09-56-887219,0,0
2019-11-26-15-09-56-921447,0,0
2019-11-26-15-09-56-956115,0,0
2019-11-26-15-09-56-986252,0,0
2019-11-26-15-09-57-018403,0,0
2019-11-26-15-09-57-053934,0,0
2019-11-26-15-09-57-084737,0,0
2019-11-26-15-09-57-121717,0,0
2019-11-26-15-09-57-153498,0,0
2019-11-26-15-09-57-187083,0,0
2019-11-26-15-09-57-220622,0,0
2019-11-26-15-09-57-253779,0,0
2019-11-26-15-09-57-290370,0,0
2019-11-26-15-09-57-320458,0,0
2019-11-26-15-09-57-355239,0,0
2019-11-26-15-09-57-388029,0,0
2019-11-26-15-09-57-420964,0,0
2019-11-26-15-09-57-455068,0,0
2019-11-26-15-09-57-489173,0,0
2019-11-26-15-09-57-523485,0,0
2019-11-26-15-09-57-554688,0,0
2019-11-26-15-09-57-588420,0,0
2019-11-26-15-09-57-619692,0,0
2019-11-26-15-09-57-658634,0,0
2019-11-26-15-09-57-690069,0,0
2019-11-26-15-09-57-720164,0,0
2019-11-26-15-09-57-754307,0,0
2019-11-26-15-09-57-786293,0,0
2019-11-26-15-09-57-820232,0,0
2019-11-26-15-09-57-853656,0,0
2019-11-26-15-09-57-886471,0,0
2019-11-26-15-09-57-920323,0,0
2019-11-26-15-09-57-954218,0,0
2019-11-26-15-09-58-006778,0,0
2019-11-26-15-09-58-027662,0,0
2019-11-26-15-09-58-058121,0,0
2019-11-26-15-09-58-091380,0,0
2019-11-26-15-09-58-127278,0,0
2019-11-26-15-09-58-159919,0,0
2019-11-26-15-09-58-191999,0,0
2019-11-26-15-09-58-227641,0,0
2019-11-26-15-09-58-261586,0,0
2019-11-26-15-09-58-291834,0,0
2019-11-26-15-09-58-325993,0,0
2019-11-26-15-09-58-359678,0,0
2019-11-26-15-09-58-394416,0,0
2019-11-26-15-09-58-424169,0,0
2019-11-26-15-09-58-458987,0,0
2019-11-26-15-09-58-493139,0,0
2019-11-26-15-09-58-526011,0,0
2019-11-26-15-09-58-556950,0,0
2019-11-26-15-09-58-590081,0,0
2019-11-26-15-09-58-622693,0,0
2019-11-26-15-09-58-658033,0,0
2019-11-26-15-09-58-690127,0,0
2019-11-26-15-09-58-723992,0,0
2019-11-26-15-09-58-758339,0,0
2019-11-26-15-09-58-794984,0,0
2019-11-26-15-09-58-827853,0,0
2019-11-26-15-09-58-860399,0,0
2019-11-26-15-09-58-895299,0,0
2019-11-26-15-09-58-925436,0,0
2019-11-26-15-09-58-959876,0,0
2019-11-26-15-09-58-991961,0,0
2019-11-26-15-09-59-046332,0,0
2019-11-26-15-09-59-066611,0,0
2019-11-26-15-09-59-098084,0,0
2019-11-26-15-09-59-130104,0,0
2019-11-26-15-09-59-163744,0,0
2019-11-26-15-09-59-195507,0,0
2019-11-26-15-09-59-228995,0,0
2019-11-26-15-09-59-263121,0,0
2019-11-26-15-09-59-294973,0,0
2019-11-26-15-09-59-329009,0,0
2019-11-26-15-09-59-362601,0,0
2019-11-26-15-09-59-396610,0,0
2019-11-26-15-09-59-429392,0,0
2019-11-26-15-09-59-466652,0,0
2019-11-26-15-09-59-498630,0,0
2019-11-26-15-09-59-533690,0,0
2019-11-26-15-09-59-567891,0,0
2019-11-26-15-09-59-599477,0,0
2019-11-26-15-09-59-633201,0,0
2019-11-26-15-09-59-666487,0,0
2019-11-26-15-09-59-698950,0,0
2019-11-26-15-09-59-733881,0,0
2019-11-26-15-09-59-766144,0,0
2019-11-26-15-09-59-800152,0,0
2019-11-26-15-09-59-834461,0,0
2019-11-26-15-09-59-866357,0,0
2019-11-26-15-09-59-899513,0,0
2019-11-26-15-09-59-934111,0,0
2019-11-26-15-09-59-965682,0,0
2019-11-26-15-09-59-999481,0,0
2019-11-26-15-10-00-030678,0,0
2019-11-26-15-10-00-065972,0,0
2019-11-26-15-10-00-099268,0,0
2019-11-26-15-10-00-132499,0,0
2019-11-26-15-10-00-166145,0,0
2019-11-26-15-10-00-199395,0,0
2019-11-26-15-10-00-232726,0,0
2019-11-26-15-10-00-268134,0,0
2019-11-26-15-10-00-299916,0,0
2019-11-26-15-10-00-334935,0,0
2019-11-26-15-10-00-367493,0,0
2019-11-26-15-10-00-399613,0,0
2019-11-26-15-10-00-432038,0,0
2019-11-26-15-10-00-469290,0,0
2019-11-26-15-10-00-500169,0,0
2019-11-26-15-10-00-532298,0,0
2019-11-26-15-10-00-569860,0,0
2019-11-26-15-10-00-601659,0,0
2019-11-26-15-10-00-634015,0,0
2019-11-26-15-10-00-666935,0,0
2019-11-26-15-10-00-699259,0,0
2019-11-26-15-10-00-733273,0,0
2019-11-26-15-10-00-765125,0,0
2019-11-26-15-10-00-798058,0,0
2019-11-26-15-10-00-832172,0,0
2019-11-26-15-10-00-865524,0,0
2019-11-26-15-10-00-898543,0,0
2019-11-26-15-10-00-931247,0,0
2019-11-26-15-10-00-967255,0,0
2019-11-26-15-10-01-002973,0,0
2019-11-26-15-10-01-057739,0,0
2019-11-26-15-10-01-074948,0,0
2019-11-26-15-10-01-103382,0,0
2019-11-26-15-10-01-136140,0,0
2019-11-26-15-10-01-168927,0,0
2019-11-26-15-10-01-204179,0,0
2019-11-26-15-10-01-236206,0,0
2019-11-26-15-10-01-269728,0,0
2019-11-26-15-10-01-302942,0,0
2019-11-26-15-10-01-337870,0,0
2019-11-26-15-10-01-370438,0,0
2019-11-26-15-10-01-403174,0,0
2019-11-26-15-10-01-438419,0,0
2019-11-26-15-10-01-473090,0,0
2019-11-26-15-10-01-503815,0,0
2019-11-26-15-10-01-535668,0,0
2019-11-26-15-10-01-569814,0,0
2019-11-26-15-10-01-603060,0,0
2019-11-26-15-10-01-637109,0,0
2019-11-26-15-10-01-696904,0,0
2019-11-26-15-10-01-713062,0,0
2019-11-26-15-10-01-743978,0,0
2019-11-26-15-10-01-780542,0,0
2019-11-26-15-10-01-811105,0,0
2019-11-26-15-10-01-843519,0,0
2019-11-26-15-10-01-876389,0,0
2019-11-26-15-10-01-909655,0,0
2019-11-26-15-10-01-941924,0,0
2019-11-26-15-10-01-991132,0,0
2019-11-26-15-10-02-013835,0,0
2019-11-26-15-10-02-048306,0,0
2019-11-26-15-10-02-083754,0,0
2019-11-26-15-10-02-118192,0,0
2019-11-26-15-10-02-151903,0,0
2019-11-26-15-10-02-185228,0,0
2019-11-26-15-10-02-220369,0,0
2019-11-26-15-10-02-255205,0,0
2019-11-26-15-10-02-287450,0,0
2019-11-26-15-10-02-318633,0,0
2019-11-26-15-10-02-350719,0,0
2019-11-26-15-10-02-384071,0,0
2019-11-26-15-10-02-417825,0,0
2019-11-26-15-10-02-450972,0,0
2019-11-26-15-10-02-483317,0,0
2019-11-26-15-10-02-519137,0,0
2019-11-26-15-10-02-552319,0,0
2019-11-26-15-10-02-586704,0,0
2019-11-26-15-10-02-619075,0,0
2019-11-26-15-10-02-651387,0,0
2019-11-26-15-10-02-684840,0,0
2019-11-26-15-10-02-718286,0,0
2019-11-26-15-10-02-752153,0,0
2019-11-26-15-10-02-784961,0,0
2019-11-26-15-10-02-816745,0,0
2019-11-26-15-10-02-848966,0,0
2019-11-26-15-10-02-881800,0,0
2019-11-26-15-10-02-915694,0,0
2019-11-26-15-10-02-949684,0,0
2019-11-26-15-10-02-987229,0,0
2019-11-26-15-10-03-018745,0,0
2019-11-26-15-10-03-053992,0,0
2019-11-26-15-10-03-085793,0,0
2019-11-26-15-10-03-118607,0,0
2019-11-26-15-10-03-151708,0,0
2019-11-26-15-10-03-190413,0,0
2019-11-26-15-10-03-219674,0,0
2019-11-26-15-10-03-251249,0,0
2019-11-26-15-10-03-286240,0,0
2019-11-26-15-10-03-317881,0,0
2019-11-26-15-10-03-354222,0,0
2019-11-26-15-10-03-385881,0,0
2019-11-26-15-10-03-417773,0,0
2019-11-26-15-10-03-450517,0,0
2019-11-26-15-10-03-484904,0,0
2019-11-26-15-10-03-519123,0,0
2019-11-26-15-10-03-552887,0,0
2019-11-26-15-10-03-584245,0,0
2019-11-26-15-10-03-617999,0,0
2019-11-26-15-10-03-650784,0,0
2019-11-26-15-10-03-685403,0,0
2019-11-26-15-10-03-717327,0,0
2019-11-26-15-10-03-750152,0,0
2019-11-26-15-10-03-788043,0,0
2019-11-26-15-10-03-818450,0,0
2019-11-26-15-10-03-853489,0,0
2019-11-26-15-10-03-887932,0,0
2019-11-26-15-10-03-919855,0,0
2019-11-26-15-10-03-953645,0,0
2019-11-26-15-10-03-985922,0,0
2019-11-26-15-10-04-019693,0,0
2019-11-26-15-10-04-051291,0,0
2019-11-26-15-10-04-084214,0,0
2019-11-26-15-10-04-121511,0,0
2019-11-26-15-10-04-152014,0,0
2019-11-26-15-10-04-185724,0,0
2019-11-26-15-10-04-218356,0,0
2019-11-26-15-10-04-251912,0,0
2019-11-26-15-10-04-288411,0,0
2019-11-26-15-10-04-316776,0,0
2019-11-26-15-10-04-351479,0,0
2019-11-26-15-10-04-386086,0,0
2019-11-26-15-10-04-417786,0,0
2019-11-26-15-10-04-451138,0,0
2019-11-26-15-10-04-486081,0,0
2019-11-26-15-10-04-519714,0,0
2019-11-26-15-10-04-554054,0,0
2019-11-26-15-10-04-586588,0,0
2019-11-26-15-10-04-622078,0,0
2019-11-26-15-10-04-653050,0,0
2019-11-26-15-10-04-690327,0,0
2019-11-26-15-10-04-719698,0,0
2019-11-26-15-10-04-753454,0,0
2019-11-26-15-10-04-787092,0,0
2019-11-26-15-10-04-821201,0,0
2019-11-26-15-10-04-853432,0,0
2019-11-26-15-10-04-886421,0,0
2019-11-26-15-10-04-919682,0,0
2019-11-26-15-10-04-953795,0,0
2019-11-26-15-10-04-987302,0,0
2019-11-26-15-10-05-019768,0,0
2019-11-26-15-10-05-052635,0,0
2019-11-26-15-10-05-086996,0,0
2019-11-26-15-10-05-120125,0,0
2019-11-26-15-10-05-154200,0,0
2019-11-26-15-10-05-186979,0,0
2019-11-26-15-10-05-221462,0,0
2019-11-26-15-10-05-253587,0,0
2019-11-26-15-10-05-286105,0,0
2019-11-26-15-10-05-318760,0,0
2019-11-26-15-10-05-353938,0,0
2019-11-26-15-10-05-388345,0,0
2019-11-26-15-10-05-420467,0,0
2019-11-26-15-10-05-455773,0,0
2019-11-26-15-10-05-490180,0,0
2019-11-26-15-10-05-523954,0,0
2019-11-26-15-10-05-556225,0,0
2019-11-26-15-10-05-588579,0,0
2019-11-26-15-10-05-620892,0,0
2019-11-26-15-10-05-653633,0,0
2019-11-26-15-10-05-688943,0,0
2019-11-26-15-10-05-721890,0,0
2019-11-26-15-10-05-754566,0,0
2019-11-26-15-10-05-787830,0,0
2019-11-26-15-10-05-822740,0,0
2019-11-26-15-10-05-854640,0,0
2019-11-26-15-10-05-889549,0,0
2019-11-26-15-10-05-921903,0,0
2019-11-26-15-10-05-953546,0,0
2019-11-26-15-10-05-987738,0,0
2019-11-26-15-10-06-019690,0,0
2019-11-26-15-10-06-052532,0,0
2019-11-26-15-10-06-088643,0,0
2019-11-26-15-10-06-121992,0,0
2019-11-26-15-10-06-156125,0,0
2019-11-26-15-10-06-189234,0,0
2019-11-26-15-10-06-221679,0,0
2019-11-26-15-10-06-255523,0,0
2019-11-26-15-10-06-290635,0,0
2019-11-26-15-10-06-323870,0,0
2019-11-26-15-10-06-356521,0,0
2019-11-26-15-10-06-391226,0,0
2019-11-26-15-10-06-421713,0,0
2019-11-26-15-10-06-454967,0,0
2019-11-26-15-10-06-490385,0,0
2019-11-26-15-10-06-522328,0,0
2019-11-26-15-10-06-555422,0,0
2019-11-26-15-10-06-587856,0,0
2019-11-26-15-10-06-619921,0,0
2019-11-26-15-10-06-655345,0,0
2019-11-26-15-10-06-687768,0,0
2019-11-26-15-10-06-720115,0,0
2019-11-26-15-10-06-754502,0,0
2019-11-26-15-10-06-787754,0,0
2019-11-26-15-10-06-822612,0,0
2019-11-26-15-10-06-855784,0,0
2019-11-26-15-10-06-890810,0,0
2019-11-26-15-10-06-923276,0,0
2019-11-26-15-10-06-959027,0,0
2019-11-26-15-10-06-992294,0,0
2019-11-26-15-10-07-025236,0,0
2019-11-26-15-10-07-057013,0,0
2019-11-26-15-10-07-092336,0,0
2019-11-26-15-10-07-125062,0,0
2019-11-26-15-10-07-155712,0,0
2019-11-26-15-10-07-189313,0,0
2019-11-26-15-10-07-222035,0,0
2019-11-26-15-10-07-257635,0,0
2019-11-26-15-10-07-293054,0,0
2019-11-26-15-10-07-322644,0,0
2019-11-26-15-10-07-356093,0,0
2019-11-26-15-10-07-391071,0,0
2019-11-26-15-10-07-421999,0,0
2019-11-26-15-10-07-455369,0,0
2019-11-26-15-10-07-487872,0,0
2019-11-26-15-10-07-523350,0,0
2019-11-26-15-10-07-556749,0,0
2019-11-26-15-10-07-588699,0,0
2019-11-26-15-10-07-623485,0,0
2019-11-26-15-10-07-655188,0,0
2019-11-26-15-10-07-690451,0,0
2019-11-26-15-10-07-724320,0,0
2019-11-26-15-10-07-759206,0,0
2019-11-26-15-10-07-791194,0,0
2019-11-26-15-10-07-825791,0,0
2019-11-26-15-10-07-857479,0,0
2019-11-26-15-10-07-890482,0,0
2019-11-26-15-10-07-924424,0,0
2019-11-26-15-10-07-956318,0,0
2019-11-26-15-10-07-990146,0,0
2019-11-26-15-10-08-024767,0,0
2019-11-26-15-10-08-061291,0,0
2019-11-26-15-10-08-091953,0,0
2019-11-26-15-10-08-123685,0,0
2019-11-26-15-10-08-155608,0,0
2019-11-26-15-10-08-189924,0,0
2019-11-26-15-10-08-224912,0,0
2019-11-26-15-10-08-257522,0,0
2019-11-26-15-10-08-292742,0,0
2019-11-26-15-10-08-324194,0,0
2019-11-26-15-10-08-356595,0,0
2019-11-26-15-10-08-391114,0,0
2019-11-26-15-10-08-426434,0,0
2019-11-26-15-10-08-460048,0,0
2019-11-26-15-10-08-492217,0,0
2019-11-26-15-10-08-524340,0,0
2019-11-26-15-10-08-556745,0,0
2019-11-26-15-10-08-593039,0,0
2019-11-26-15-10-08-625518,0,0
2019-11-26-15-10-08-659554,0,0
2019-11-26-15-10-08-694713,0,0
2019-11-26-15-10-08-725329,0,0
2019-11-26-15-10-08-757153,0,0
2019-11-26-15-10-08-793384,0,0
2019-11-26-15-10-08-825547,0,0
2019-11-26-15-10-08-857840,0,0
2019-11-26-15-10-08-891629,0,0
2019-11-26-15-10-08-924230,0,0
2019-11-26-15-10-08-955893,0,0
2019-11-26-15-10-08-990493,0,0
2019-11-26-15-10-09-023839,0,0
2019-11-26-15-10-09-058678,0,0
2019-11-26-15-10-09-091888,0,0
2019-11-26-15-10-09-124175,0,0
2019-11-26-15-10-09-157045,0,0
2019-11-26-15-10-09-194144,0,0
2019-11-26-15-10-09-225546,0,0
2019-11-26-15-10-09-260088,0,0
2019-11-26-15-10-09-292885,0,0
2019-11-26-15-10-09-326282,0,0
2019-11-26-15-10-09-360576,0,0
2019-11-26-15-10-09-393688,0,0
2019-11-26-15-10-09-426595,0,0
2019-11-26-15-10-09-460191,0,0
2019-11-26-15-10-09-493954,0,0
2019-11-26-15-10-09-524468,0,0
2019-11-26-15-10-09-557961,0,0
2019-11-26-15-10-09-593660,0,0
2019-11-26-15-10-09-626462,0,0
2019-11-26-15-10-09-659595,0,0
2019-11-26-15-10-09-692463,0,0
2019-11-26-15-10-09-727513,0,0
2019-11-26-15-10-09-759706,0,0
2019-11-26-15-10-09-792418,0,0
2019-11-26-15-10-09-827058,0,0
2019-11-26-15-10-09-858104,0,0
2019-11-26-15-10-09-892699,0,0
2019-11-26-15-10-09-925560,0,0
2019-11-26-15-10-09-957954,0,0
2019-11-26-15-10-09-994272,0,0
2019-11-26-15-10-10-026517,0,0
2019-11-26-15-10-10-059713,0,0
2019-11-26-15-10-10-103493,0,0
2019-11-26-15-10-10-126816,0,0
2019-11-26-15-10-10-161200,0,0
2019-11-26-15-10-10-196068,0,0
2019-11-26-15-10-10-228828,0,0
2019-11-26-15-10-10-263482,0,0
2019-11-26-15-10-10-295381,0,0
2019-11-26-15-10-10-329432,0,0
2019-11-26-15-10-10-360225,0,0
2019-11-26-15-10-10-394435,0,0
2019-11-26-15-10-10-428217,0,0
2019-11-26-15-10-10-458886,0,0
2019-11-26-15-10-10-518402,0,0
2019-11-26-15-10-10-536440,0,0
2019-11-26-15-10-10-561493,0,0
2019-11-26-15-10-10-596535,0,0
2019-11-26-15-10-10-630721,0,0
2019-11-26-15-10-10-663396,0,0
2019-11-26-15-10-10-698794,0,0
2019-11-26-15-10-10-732809,0,0
2019-11-26-15-10-10-764698,0,0
2019-11-26-15-10-10-797994,0,0
2019-11-26-15-10-10-831343,0,0
2019-11-26-15-10-10-864553,0,0
2019-11-26-15-10-10-900346,0,0
2019-11-26-15-10-10-931945,0,0
2019-11-26-15-10-10-965049,0,0
2019-11-26-15-10-10-997784,0,0
2019-11-26-15-10-11-036123,0,0
2019-11-26-15-10-11-065687,0,0
2019-11-26-15-10-11-099581,0,0
2019-11-26-15-10-11-131844,0,0
2019-11-26-15-10-11-164191,0,0
2019-11-26-15-10-11-198063,0,0
2019-11-26-15-10-11-231801,0,0
2019-11-26-15-10-11-263037,0,0
2019-11-26-15-10-11-300147,0,0
2019-11-26-15-10-11-330383,0,0
2019-11-26-15-10-11-364033,0,0
2019-11-26-15-10-11-397086,0,0
2019-11-26-15-10-11-431505,0,0
2019-11-26-15-10-11-466257,0,0
2019-11-26-15-10-11-520139,0,0
2019-11-26-15-10-11-536527,0,0
2019-11-26-15-10-11-566493,0,0
2019-11-26-15-10-11-602767,0,0
2019-11-26-15-10-11-633783,0,0
2019-11-26-15-10-11-667745,0,0
2019-11-26-15-10-11-701103,0,0
2019-11-26-15-10-11-734266,0,0
2019-11-26-15-10-11-766661,0,0
2019-11-26-15-10-11-801806,0,0
2019-11-26-15-10-11-834363,0,0
2019-11-26-15-10-11-867735,0,0
2019-11-26-15-10-11-901472,0,0
2019-11-26-15-10-11-932819,0,0
2019-11-26-15-10-11-967460,0,0
2019-11-26-15-10-12-000848,0,0
2019-11-26-15-10-12-033434,0,0
2019-11-26-15-10-12-065454,0,0
2019-11-26-15-10-12-101174,0,0
2019-11-26-15-10-12-134075,0,0
2019-11-26-15-10-12-168580,0,0
2019-11-26-15-10-12-202285,0,0
2019-11-26-15-10-12-240306,0,0
2019-11-26-15-10-12-270970,0,0
2019-11-26-15-10-12-303237,0,0
2019-11-26-15-10-12-336676,0,0
2019-11-26-15-10-12-368282,0,0
2019-11-26-15-10-12-403031,0,0
2019-11-26-15-10-12-436800,0,0
2019-11-26-15-10-12-469973,0,0
2019-11-26-15-10-12-502580,0,0
2019-11-26-15-10-12-538305,0,0
2019-11-26-15-10-12-570128,0,0
2019-11-26-15-10-12-602303,0,0
2019-11-26-15-10-12-638047,0,0
2019-11-26-15-10-12-667925,0,0
2019-11-26-15-10-12-703750,0,0
2019-11-26-15-10-12-734238,0,0
2019-11-26-15-10-12-767304,0,0
2019-11-26-15-10-12-800546,0,0
2019-11-26-15-10-12-834016,0,0
2019-11-26-15-10-12-867541,0,0
2019-11-26-15-10-12-902748,0,0
2019-11-26-15-10-12-935784,0,0
2019-11-26-15-10-12-967723,0,0
2019-11-26-15-10-13-004669,0,0
2019-11-26-15-10-13-037448,0,0
2019-11-26-15-10-13-072317,0,0
2019-11-26-15-10-13-104207,0,0
2019-11-26-15-10-13-137548,0,0
2019-11-26-15-10-13-170454,0,0
2019-11-26-15-10-13-204981,0,0
2019-11-26-15-10-13-236115,0,0
2019-11-26-15-10-13-268418,0,0
2019-11-26-15-10-13-304812,0,0
2019-11-26-15-10-13-338077,0,0
2019-11-26-15-10-13-369317,0,0
2019-11-26-15-10-13-403420,0,0
2019-11-26-15-10-13-436282,0,0
2019-11-26-15-10-13-469405,0,0
2019-11-26-15-10-13-502613,0,0
2019-11-26-15-10-13-536021,0,0
2019-11-26-15-10-13-568746,0,0
2019-11-26-15-10-13-602780,0,0
2019-11-26-15-10-13-637764,0,0
2019-11-26-15-10-13-668332,0,0
2019-11-26-15-10-13-703670,0,0
2019-11-26-15-10-13-738352,0,0
2019-11-26-15-10-13-769846,0,0
2019-11-26-15-10-13-805154,0,0
2019-11-26-15-10-13-838486,0,0
2019-11-26-15-10-13-894084,0,0
2019-11-26-15-10-13-906982,0,0
2019-11-26-15-10-13-940585,0,0
2019-11-26-15-10-13-972683,0,0
2019-11-26-15-10-14-006950,0,0
2019-11-26-15-10-14-038435,0,0
2019-11-26-15-10-14-071577,0,0
2019-11-26-15-10-14-106751,0,0
2019-11-26-15-10-14-139650,0,0
2019-11-26-15-10-14-173273,0,0
2019-11-26-15-10-14-205336,0,0
2019-11-26-15-10-14-238135,0,0
2019-11-26-15-10-14-270317,0,0
2019-11-26-15-10-14-305191,0,0
2019-11-26-15-10-14-340826,0,0
2019-11-26-15-10-14-373299,0,0
2019-11-26-15-10-14-410988,0,0
2019-11-26-15-10-14-442621,0,0
2019-11-26-15-10-14-492603,0,0
2019-11-26-15-10-14-510263,0,0
2019-11-26-15-10-14-542789,0,0
2019-11-26-15-10-14-575541,0,0
2019-11-26-15-10-14-608663,0,0
2019-11-26-15-10-14-643585,0,0
2019-11-26-15-10-14-678586,0,0
2019-11-26-15-10-14-712135,0,0
2019-11-26-15-10-14-741396,0,0
2019-11-26-15-10-14-777943,0,0
2019-11-26-15-10-14-810799,0,0
2019-11-26-15-10-14-843493,0,0
2019-11-26-15-10-14-875656,0,0
2019-11-26-15-10-14-908028,0,0
2019-11-26-15-10-14-944223,0,0
2019-11-26-15-10-14-975042,0,0
2019-11-26-15-10-15-009059,0,0
2019-11-26-15-10-15-041600,0,0
2019-11-26-15-10-15-075051,0,0
2019-11-26-15-10-15-109193,0,0
2019-11-26-15-10-15-142118,0,0
2019-11-26-15-10-15-176552,0,0
2019-11-26-15-10-15-210681,0,0
2019-11-26-15-10-15-245754,0,0
2019-11-26-15-10-15-277985,0,0
2019-11-26-15-10-15-312312,0,0
2019-11-26-15-10-15-344331,0,0
2019-11-26-15-10-15-376770,0,0
2019-11-26-15-10-15-410649,0,0
2019-11-26-15-10-15-445197,0,0
2019-11-26-15-10-15-477978,0,0
2019-11-26-15-10-15-510852,0,0
2019-11-26-15-10-15-543039,0,0
2019-11-26-15-10-15-575294,0,0
2019-11-26-15-10-15-610677,0,0
2019-11-26-15-10-15-645188,0,0
2019-11-26-15-10-15-675968,0,0
2019-11-26-15-10-15-710705,0,0
2019-11-26-15-10-15-744870,0,0
2019-11-26-15-10-15-776488,0,0
2019-11-26-15-10-15-811292,0,0
2019-11-26-15-10-15-843600,0,0
2019-11-26-15-10-15-877454,0,0
2019-11-26-15-10-15-909970,0,0
2019-11-26-15-10-15-947289,0,0
2019-11-26-15-10-15-979792,0,0
2019-11-26-15-10-16-011434,0,0
2019-11-26-15-10-16-044451,0,0
2019-11-26-15-10-16-078125,0,0
2019-11-26-15-10-16-113807,0,0
2019-11-26-15-10-16-145445,0,0
2019-11-26-15-10-16-180584,0,0
2019-11-26-15-10-16-214169,0,0
2019-11-26-15-10-16-245221,0,0
2019-11-26-15-10-16-278506,0,0
2019-11-26-15-10-16-314973,0,0
2019-11-26-15-10-16-346587,0,0
2019-11-26-15-10-16-379511,0,0
2019-11-26-15-10-16-411067,0,0
2019-11-26-15-10-16-445007,0,0
2019-11-26-15-10-16-477087,0,0
2019-11-26-15-10-16-511542,0,0
2019-11-26-15-10-16-545086,0,0
2019-11-26-15-10-16-576893,0,0
2019-11-26-15-10-16-610181,0,0
2019-11-26-15-10-16-645474,0,0
2019-11-26-15-10-16-676201,0,0
2019-11-26-15-10-16-712972,0,0
2019-11-26-15-10-16-768770,0,0
2019-11-26-15-10-16-784767,0,0
2019-11-26-15-10-16-814512,0,0
2019-11-26-15-10-16-850329,0,0
2019-11-26-15-10-16-883154,0,0
2019-11-26-15-10-16-917157,0,0
2019-11-26-15-10-16-950338,0,0
2019-11-26-15-10-16-981779,0,0
2019-11-26-15-10-17-017241,0,0
2019-11-26-15-10-17-050206,0,0
2019-11-26-15-10-17-082321,0,0
2019-11-26-15-10-17-117662,0,0
2019-11-26-15-10-17-148472,0,0
2019-11-26-15-10-17-181709,0,0
2019-11-26-15-10-17-216302,0,0
2019-11-26-15-10-17-248990,0,0
2019-11-26-15-10-17-281854,0,0
2019-11-26-15-10-17-317631,0,0
2019-11-26-15-10-17-351043,0,0
2019-11-26-15-10-17-383260,0,0
2019-11-26-15-10-17-417734,0,0
2019-11-26-15-10-17-452924,0,0
2019-11-26-15-10-17-507685,0,0
2019-11-26-15-10-17-523112,0,0
2019-11-26-15-10-17-554086,0,0
2019-11-26-15-10-17-587678,0,0
2019-11-26-15-10-17-632852,0,0
2019-11-26-15-10-17-657113,0,0
2019-11-26-15-10-17-689045,0,0
2019-11-26-15-10-17-723564,0,0
2019-11-26-15-10-17-753695,0,0
2019-11-26-15-10-17-791064,0,0
2019-11-26-15-10-17-822682,0,0
2019-11-26-15-10-17-855961,0,0
2019-11-26-15-10-17-889025,0,0
2019-11-26-15-10-17-923606,0,0
2019-11-26-15-10-17-957210,0,0
2019-11-26-15-10-17-989638,0,0
2019-11-26-15-10-18-024955,0,0
2019-11-26-15-10-18-059127,0,0
2019-11-26-15-10-18-090495,0,0
2019-11-26-15-10-18-126789,0,0
2019-11-26-15-10-18-157698,0,0
2019-11-26-15-10-18-216017,0,0
2019-11-26-15-10-18-230538,0,0
2019-11-26-15-10-18-260069,0,0
2019-11-26-15-10-18-291847,0,0
2019-11-26-15-10-18-327822,0,0
2019-11-26-15-10-18-359428,0,0
2019-11-26-15-10-18-393897,0,0
2019-11-26-15-10-18-437983,0,0
2019-11-26-15-10-18-463551,0,0
2019-11-26-15-10-18-491615,0,0
2019-11-26-15-10-18-526157,0,0
2019-11-26-15-10-18-558472,0,0
2019-11-26-15-10-18-593386,0,0
2019-11-26-15-10-18-626637,0,0
2019-11-26-15-10-18-661090,0,0
2019-11-26-15-10-18-695732,0,0
2019-11-26-15-10-18-730470,0,0
2019-11-26-15-10-18-764783,0,0
2019-11-26-15-10-18-794685,0,0
2019-11-26-15-10-18-829595,0,0
2019-11-26-15-10-18-862508,0,0
2019-11-26-15-10-18-894232,0,0
2019-11-26-15-10-18-929080,0,0
2019-11-26-15-10-18-963189,0,0
2019-11-26-15-10-18-995058,0,0
2019-11-26-15-10-19-029360,0,0
2019-11-26-15-10-19-061405,0,0
2019-11-26-15-10-19-094280,0,0
2019-11-26-15-10-19-127624,0,0
2019-11-26-15-10-19-159332,0,0
2019-11-26-15-10-19-193237,0,0
2019-11-26-15-10-19-226871,0,0
2019-11-26-15-10-19-260596,0,0
2019-11-26-15-10-19-292798,0,0
2019-11-26-15-10-19-327889,0,0
2019-11-26-15-10-19-359803,0,0
2019-11-26-15-10-19-392994,0,0
2019-11-26-15-10-19-427583,0,0
2019-11-26-15-10-19-459833,0,0
2019-11-26-15-10-19-492334,0,0
2019-11-26-15-10-19-526938,0,0
2019-11-26-15-10-19-562341,0,0
2019-11-26-15-10-19-595415,0,0
2019-11-26-15-10-19-629957,0,0
2019-11-26-15-10-19-664903,0,0
2019-11-26-15-10-19-695323,0,0
2019-11-26-15-10-19-729660,0,0
2019-11-26-15-10-19-762407,0,0
2019-11-26-15-10-19-796253,0,0
2019-11-26-15-10-19-830803,0,0
2019-11-26-15-10-19-860868,0,0
2019-11-26-15-10-19-894239,0,0
2019-11-26-15-10-19-929938,0,0
2019-11-26-15-10-19-962056,0,0
2019-11-26-15-10-19-994451,0,0
2019-11-26-15-10-20-029116,0,0
2019-11-26-15-10-20-060334,0,0
2019-11-26-15-10-20-094901,0,0
2019-11-26-15-10-20-128751,0,0
2019-11-26-15-10-20-163127,0,0
2019-11-26-15-10-20-194308,0,0
2019-11-26-15-10-20-228890,0,0
2019-11-26-15-10-20-260772,0,0
2019-11-26-15-10-20-296826,0,0
2019-11-26-15-10-20-332153,0,0
2019-11-26-15-10-20-365457,0,0
2019-11-26-15-10-20-397252,0,0
2019-11-26-15-10-20-430785,0,0
2019-11-26-15-10-20-465162,0,0
2019-11-26-15-10-20-496821,0,0
2019-11-26-15-10-20-531350,0,0
2019-11-26-15-10-20-563998,0,0
2019-11-26-15-10-20-596307,0,0
2019-11-26-15-10-20-630732,0,0
2019-11-26-15-10-20-662129,0,0
2019-11-26-15-10-20-697276,0,0
2019-11-26-15-10-20-729868,0,0
2019-11-26-15-10-20-762329,0,0
2019-11-26-15-10-20-794604,0,0
2019-11-26-15-10-20-829660,0,0
2019-11-26-15-10-20-861689,0,0
2019-11-26-15-10-20-895362,0,0
2019-11-26-15-10-20-928564,0,0
2019-11-26-15-10-20-963489,0,0
2019-11-26-15-10-20-997175,0,0
2019-11-26-15-10-21-031603,0,0
2019-11-26-15-10-21-062459,0,0
2019-11-26-15-10-21-097620,0,0
2019-11-26-15-10-21-130972,0,0
2019-11-26-15-10-21-164789,0,0
2019-11-26-15-10-21-196632,0,0
2019-11-26-15-10-21-231863,0,0
2019-11-26-15-10-21-264193,0,0
2019-11-26-15-10-21-299187,0,0
2019-11-26-15-10-21-331946,0,0
2019-11-26-15-10-21-365184,0,0
2019-11-26-15-10-21-397372,0,0
2019-11-26-15-10-21-430590,0,0
2019-11-26-15-10-21-463603,0,0
2019-11-26-15-10-21-495346,0,0
2019-11-26-15-10-21-530757,0,0
2019-11-26-15-10-21-564519,0,0
2019-11-26-15-10-21-596271,0,0
2019-11-26-15-10-21-630660,0,0
2019-11-26-15-10-21-664555,0,0
2019-11-26-15-10-21-695932,0,0
2019-11-26-15-10-21-729650,0,0
2019-11-26-15-10-21-762940,0,0
2019-11-26-15-10-21-795371,0,0
2019-11-26-15-10-21-831275,0,0
2019-11-26-15-10-21-863978,0,0
2019-11-26-15-10-21-898705,0,0
2019-11-26-15-10-21-932109,0,0
2019-11-26-15-10-21-966645,0,0
2019-11-26-15-10-21-998973,0,0
2019-11-26-15-10-22-032893,0,0
2019-11-26-15-10-22-065051,0,0
2019-11-26-15-10-22-098232,0,0
2019-11-26-15-10-22-132115,0,0
2019-11-26-15-10-22-164780,0,0
2019-11-26-15-10-22-198097,0,0
2019-11-26-15-10-22-235732,0,0
2019-11-26-15-10-22-266169,0,0
2019-11-26-15-10-22-297500,0,0
2019-11-26-15-10-22-333001,0,0
2019-11-26-15-10-22-363890,0,0
2019-11-26-15-10-22-396902,0,0
2019-11-26-15-10-22-430878,0,0
2019-11-26-15-10-22-463638,0,0
2019-11-26-15-10-22-496417,0,0
2019-11-26-15-10-22-532980,0,0
2019-11-26-15-10-22-565071,0,0
2019-11-26-15-10-22-598958,0,0
2019-11-26-15-10-22-634327,0,0
2019-11-26-15-10-22-666731,0,0
2019-11-26-15-10-22-717244,0,0
2019-11-26-15-10-22-736057,0,0
2019-11-26-15-10-22-766713,0,0
2019-11-26-15-10-22-800470,0,0
2019-11-26-15-10-22-854036,0,0
2019-11-26-15-10-22-874043,0,0
2019-11-26-15-10-22-903122,0,0
2019-11-26-15-10-22-940001,0,0
2019-11-26-15-10-22-971457,0,0
2019-11-26-15-10-23-003887,0,0
2019-11-26-15-10-23-038076,0,0
2019-11-26-15-10-23-070290,0,0
2019-11-26-15-10-23-103831,0,0
2019-11-26-15-10-23-137699,0,0
2019-11-26-15-10-23-171591,0,0
2019-11-26-15-10-23-204805,0,0
2019-11-26-15-10-23-240113,0,0
2019-11-26-15-10-23-270613,0,0
2019-11-26-15-10-23-306153,0,0
2019-11-26-15-10-23-340643,0,0
2019-11-26-15-10-23-372685,0,0
2019-11-26-15-10-23-405000,0,0
2019-11-26-15-10-23-441703,0,0
2019-11-26-15-10-23-472632,0,0
2019-11-26-15-10-23-506259,0,0
2019-11-26-15-10-23-540072,0,0
2019-11-26-15-10-23-572350,0,0
2019-11-26-15-10-23-610892,0,0
2019-11-26-15-10-23-641964,0,0
2019-11-26-15-10-23-673827,0,0
2019-11-26-15-10-23-705757,0,0
2019-11-26-15-10-23-740324,0,0
2019-11-26-15-10-23-774051,0,0
2019-11-26-15-10-23-804966,0,0
2019-11-26-15-10-23-838172,0,0
2019-11-26-15-10-23-872510,0,0
2019-11-26-15-10-23-906953,0,0
2019-11-26-15-10-23-940838,0,0
2019-11-26-15-10-23-971348,0,0
2019-11-26-15-10-24-005252,0,0
2019-11-26-15-10-24-039272,0,0
2019-11-26-15-10-24-074576,0,0
2019-11-26-15-10-24-107380,0,0
2019-11-26-15-10-24-142546,0,0
2019-11-26-15-10-24-174227,0,0
2019-11-26-15-10-24-207850,0,0
2019-11-26-15-10-24-240711,0,0
2019-11-26-15-10-24-276097,0,0
2019-11-26-15-10-24-306957,0,0
2019-11-26-15-10-24-341756,0,0
2019-11-26-15-10-24-373099,0,0
2019-11-26-15-10-24-406498,0,0
2019-11-26-15-10-24-442399,0,0
2019-11-26-15-10-24-476280,0,0
2019-11-26-15-10-24-508045,0,0
2019-11-26-15-10-24-541224,0,0
2019-11-26-15-10-24-574118,0,0
2019-11-26-15-10-24-606572,0,0
2019-11-26-15-10-24-640570,0,0
2019-11-26-15-10-24-674542,0,0
2019-11-26-15-10-24-706787,0,0
2019-11-26-15-10-24-741595,0,0
2019-11-26-15-10-24-775227,0,0
2019-11-26-15-10-24-805453,0,0
2019-11-26-15-10-24-841486,0,0
2019-11-26-15-10-24-876720,0,0
2019-11-26-15-10-24-928967,0,0
2019-11-26-15-10-24-946194,0,0
2019-11-26-15-10-24-979285,0,0
2019-11-26-15-10-25-011303,0,0
2019-11-26-15-10-25-044605,0,0
2019-11-26-15-10-25-077403,0,0
2019-11-26-15-10-25-111235,0,0
2019-11-26-15-10-25-146501,0,0
2019-11-26-15-10-25-177911,0,0
2019-11-26-15-10-25-211745,0,0
2019-11-26-15-10-25-245170,0,0
2019-11-26-15-10-25-278131,0,0
2019-11-26-15-10-25-312786,0,0
2019-11-26-15-10-25-345351,0,0
2019-11-26-15-10-25-376858,0,0
2019-11-26-15-10-25-409967,0,0
2019-11-26-15-10-25-445306,0,0
2019-11-26-15-10-25-478489,0,0
2019-11-26-15-10-25-511425,0,0
2019-11-26-15-10-25-547022,0,0
2019-11-26-15-10-25-580567,0,0
2019-11-26-15-10-25-613560,0,0
2019-11-26-15-10-25-648646,0,0
2019-11-26-15-10-25-699858,0,0
2019-11-26-15-10-25-717031,0,0
2019-11-26-15-10-25-749425,0,0
2019-11-26-15-10-25-781272,0,0
2019-11-26-15-10-25-813874,0,0
2019-11-26-15-10-25-849320,0,0
2019-11-26-15-10-25-883504,0,0
2019-11-26-15-10-25-916012,0,0
2019-11-26-15-10-25-949693,0,0
2019-11-26-15-10-25-983375,0,0
2019-11-26-15-10-26-014116,0,0
2019-11-26-15-10-26-047718,0,0
2019-11-26-15-10-26-081925,0,0
2019-11-26-15-10-26-113744,0,0
2019-11-26-15-10-26-147583,0,0
2019-11-26-15-10-26-180572,0,0
2019-11-26-15-10-26-214394,0,0
2019-11-26-15-10-26-250418,0,0
2019-11-26-15-10-26-282768,0,0
2019-11-26-15-10-26-315768,0,0
2019-11-26-15-10-26-350094,0,0
2019-11-26-15-10-26-383752,0,0
2019-11-26-15-10-26-416429,0,0
2019-11-26-15-10-26-451559,0,0
2019-11-26-15-10-26-484763,0,0
2019-11-26-15-10-26-517177,0,0
2019-11-26-15-10-26-549546,0,0
2019-11-26-15-10-26-582029,0,0
2019-11-26-15-10-26-616412,0,0
2019-11-26-15-10-26-650172,0,0
2019-11-26-15-10-26-682406,0,0
2019-11-26-15-10-26-715578,0,0
2019-11-26-15-10-26-749108,0,0
2019-11-26-15-10-26-781819,0,0
2019-11-26-15-10-26-813557,0,0
2019-11-26-15-10-26-848253,0,0
2019-11-26-15-10-26-881046,0,0
2019-11-26-15-10-26-914196,0,0
2019-11-26-15-10-26-949119,0,0
2019-11-26-15-10-26-984777,0,0
2019-11-26-15-10-27-016037,0,0
2019-11-26-15-10-27-051704,0,0
2019-11-26-15-10-27-084390,0,0
2019-11-26-15-10-27-116123,0,0
2019-11-26-15-10-27-151276,0,0
2019-11-26-15-10-27-185562,0,0
2019-11-26-15-10-27-219258,0,0
2019-11-26-15-10-27-252578,0,0
2019-11-26-15-10-27-288297,0,0
2019-11-26-15-10-27-317323,0,0
2019-11-26-15-10-27-351754,0,0
2019-11-26-15-10-27-383791,0,0
2019-11-26-15-10-27-420171,0,0
2019-11-26-15-10-27-451684,0,0
2019-11-26-15-10-27-484950,0,0
2019-11-26-15-10-27-516951,0,0
2019-11-26-15-10-27-551800,0,0
2019-11-26-15-10-27-582604,0,0
2019-11-26-15-10-27-615887,0,0
2019-11-26-15-10-27-649039,0,0
2019-11-26-15-10-27-684636,0,0
2019-11-26-15-10-27-716438,0,0
2019-11-26-15-10-27-751141,0,0
2019-11-26-15-10-27-786338,0,0
2019-11-26-15-10-27-818171,0,0
2019-11-26-15-10-27-852392,0,0
2019-11-26-15-10-27-902283,0,0
2019-11-26-15-10-27-920974,0,0
2019-11-26-15-10-27-955991,0,0
2019-11-26-15-10-27-987706,0,0
2019-11-26-15-10-28-019934,0,0
2019-11-26-15-10-28-053005,0,0
2019-11-26-15-10-28-087386,0,0
2019-11-26-15-10-28-121518,0,0
2019-11-26-15-10-28-154912,0,0
2019-11-26-15-10-28-187985,0,0
2019-11-26-15-10-28-222114,0,0
2019-11-26-15-10-28-253585,0,0
2019-11-26-15-10-28-287925,0,0
2019-11-26-15-10-28-319556,0,0
2019-11-26-15-10-28-355040,0,0
2019-11-26-15-10-28-386393,0,0
2019-11-26-15-10-28-420323,0,0
2019-11-26-15-10-28-453585,0,0
2019-11-26-15-10-28-487287,0,0
2019-11-26-15-10-28-520452,0,0
2019-11-26-15-10-28-558669,0,0
2019-11-26-15-10-28-589271,0,0
2019-11-26-15-10-28-621078,0,0
2019-11-26-15-10-28-656484,0,0
2019-11-26-15-10-28-688525,0,0
2019-11-26-15-10-28-721865,0,0
2019-11-26-15-10-28-756158,0,0
2019-11-26-15-10-28-790167,0,0
2019-11-26-15-10-28-820747,0,0
2019-11-26-15-10-28-855352,0,0
2019-11-26-15-10-28-889512,0,0
2019-11-26-15-10-28-922722,0,0
2019-11-26-15-10-28-954754,0,0
2019-11-26-15-10-28-987848,0,0
2019-11-26-15-10-29-021475,0,0
2019-11-26-15-10-29-053619,0,0
2019-11-26-15-10-29-086125,0,0
2019-11-26-15-10-29-119176,0,0
2019-11-26-15-10-29-154967,0,0
2019-11-26-15-10-29-188901,0,0
2019-11-26-15-10-29-239673,0,0
2019-11-26-15-10-29-259855,0,0
2019-11-26-15-10-29-291703,0,0
2019-11-26-15-10-29-323400,0,0
2019-11-26-15-10-29-359918,0,0
2019-11-26-15-10-29-391913,0,0
2019-11-26-15-10-29-425796,0,0
2019-11-26-15-10-29-461484,0,0
2019-11-26-15-10-29-491213,0,0
2019-11-26-15-10-29-524710,0,0
2019-11-26-15-10-29-562290,0,0
2019-11-26-15-10-29-591992,0,0
2019-11-26-15-10-29-626343,0,0
2019-11-26-15-10-29-660312,0,0
2019-11-26-15-10-29-691818,0,0
2019-11-26-15-10-29-723351,0,0
2019-11-26-15-10-29-756820,0,0
2019-11-26-15-10-29-789175,0,0
2019-11-26-15-10-29-824254,0,0
2019-11-26-15-10-29-858018,0,0
2019-11-26-15-10-29-890581,0,0
2019-11-26-15-10-29-924605,0,0
2019-11-26-15-10-29-958432,0,0
2019-11-26-15-10-29-991546,0,0
2019-11-26-15-10-30-026889,0,0
2019-11-26-15-10-30-059431,0,0
2019-11-26-15-10-30-092942,0,0
2019-11-26-15-10-30-123689,0,0
2019-11-26-15-10-30-159627,0,0
2019-11-26-15-10-30-192494,0,0
2019-11-26-15-10-30-225796,0,0
2019-11-26-15-10-30-259377,0,0
2019-11-26-15-10-30-293569,0,0
2019-11-26-15-10-30-324839,0,0
2019-11-26-15-10-30-357806,0,0
2019-11-26-15-10-30-391438,0,0
2019-11-26-15-10-30-425722,0,0
2019-11-26-15-10-30-459367,0,0
2019-11-26-15-10-30-493027,0,0
2019-11-26-15-10-30-524528,0,0
2019-11-26-15-10-30-558063,0,0
2019-11-26-15-10-30-592836,0,0
2019-11-26-15-10-30-626217,0,0
2019-11-26-15-10-30-657769,0,0
2019-11-26-15-10-30-693125,0,0
2019-11-26-15-10-30-726565,0,0
2019-11-26-15-10-30-762098,0,0
2019-11-26-15-10-30-794196,0,0
2019-11-26-15-10-30-826559,0,0
2019-11-26-15-10-30-859832,0,0
2019-11-26-15-10-30-894034,0,0
2019-11-26-15-10-30-928562,0,0
2019-11-26-15-10-30-962535,0,0
2019-11-26-15-10-30-994377,0,0
2019-11-26-15-10-31-028102,0,0
2019-11-26-15-10-31-060107,0,0
2019-11-26-15-10-31-091852,0,0
2019-11-26-15-10-31-126621,0,0
2019-11-26-15-10-31-161823,0,0
2019-11-26-15-10-31-193656,0,0
2019-11-26-15-10-31-226650,0,0
2019-11-26-15-10-31-260892,0,0
2019-11-26-15-10-31-291683,0,0
2019-11-26-15-10-31-325148,0,0
2019-11-26-15-10-31-361387,0,0
2019-11-26-15-10-31-394580,0,0
2019-11-26-15-10-31-425881,0,0
2019-11-26-15-10-31-461602,0,0
2019-11-26-15-10-31-495092,0,0
2019-11-26-15-10-31-527916,0,0
2019-11-26-15-10-31-561374,0,0
2019-11-26-15-10-31-593751,0,0
2019-11-26-15-10-31-647844,0,0
2019-11-26-15-10-31-666505,0,0
2019-11-26-15-10-31-696985,0,0
2019-11-26-15-10-31-729804,0,0
2019-11-26-15-10-31-763729,0,0
2019-11-26-15-10-31-795699,0,0
2019-11-26-15-10-31-830701,0,0
2019-11-26-15-10-31-863296,0,0
2019-11-26-15-10-31-898978,0,0
2019-11-26-15-10-31-930132,0,0
2019-11-26-15-10-31-963994,0,0
2019-11-26-15-10-31-996838,0,0
2019-11-26-15-10-32-030877,0,0
2019-11-26-15-10-32-063268,0,0
2019-11-26-15-10-32-097597,0,0
2019-11-26-15-10-32-130624,0,0
2019-11-26-15-10-32-164845,0,0
2019-11-26-15-10-32-219870,0,0
2019-11-26-15-10-32-236103,0,0
2019-11-26-15-10-32-268882,0,0
2019-11-26-15-10-32-300895,0,0
2019-11-26-15-10-32-337688,0,0
2019-11-26-15-10-32-369767,0,0
2019-11-26-15-10-32-404469,0,0
2019-11-26-15-10-32-437398,0,0
2019-11-26-15-10-32-469964,0,0
2019-11-26-15-10-32-504094,0,0
2019-11-26-15-10-32-536799,0,0
2019-11-26-15-10-32-571666,0,0
2019-11-26-15-10-32-604361,0,0
2019-11-26-15-10-32-635266,0,0
2019-11-26-15-10-32-669117,0,0
2019-11-26-15-10-32-700130,0,0
2019-11-26-15-10-32-733971,0,0
2019-11-26-15-10-32-767370,0,0
2019-11-26-15-10-32-800100,0,0
2019-11-26-15-10-32-835638,0,0
2019-11-26-15-10-32-868235,0,0
2019-11-26-15-10-32-901413,0,0
2019-11-26-15-10-32-934703,0,0
2019-11-26-15-10-32-970896,0,0
2019-11-26-15-10-33-003034,0,0
2019-11-26-15-10-33-037225,0,0
2019-11-26-15-10-33-069734,0,0
2019-11-26-15-10-33-103786,0,0
2019-11-26-15-10-33-137055,0,0
2019-11-26-15-10-33-170009,0,0
2019-11-26-15-10-33-203098,0,0
2019-11-26-15-10-33-238618,0,0
2019-11-26-15-10-33-270992,0,0
2019-11-26-15-10-33-303101,0,0
2019-11-26-15-10-33-338397,0,0
2019-11-26-15-10-33-370210,0,0
2019-11-26-15-10-33-403330,0,0
2019-11-26-15-10-33-435805,0,0
2019-11-26-15-10-33-468922,0,0
2019-11-26-15-10-33-503010,0,0
2019-11-26-15-10-33-533270,0,0
2019-11-26-15-10-33-569244,0,0
2019-11-26-15-10-33-602140,0,0
2019-11-26-15-10-33-634239,0,0
2019-11-26-15-10-33-669422,0,0
2019-11-26-15-10-33-703309,0,0
2019-11-26-15-10-33-735484,0,0
2019-11-26-15-10-33-771806,0,0
2019-11-26-15-10-33-807765,0,0
2019-11-26-15-10-33-836924,0,0
2019-11-26-15-10-33-869559,0,0
2019-11-26-15-10-33-904155,0,0
2019-11-26-15-10-33-937489,0,0
2019-11-26-15-10-33-972132,0,0
2019-11-26-15-10-34-004432,0,0
2019-11-26-15-10-34-038758,0,0
2019-11-26-15-10-34-069767,0,0
2019-11-26-15-10-34-104948,0,0
2019-11-26-15-10-34-138262,0,0
2019-11-26-15-10-34-171085,0,0
2019-11-26-15-10-34-203665,0,0
2019-11-26-15-10-34-236024,0,0
2019-11-26-15-10-34-270181,0,0
2019-11-26-15-10-34-304234,0,0
2019-11-26-15-10-34-337452,0,0
2019-11-26-15-10-34-370284,0,0
2019-11-26-15-10-34-404412,0,0
2019-11-26-15-10-34-437695,0,0
2019-11-26-15-10-34-471527,0,0
2019-11-26-15-10-34-506097,0,0
2019-11-26-15-10-34-539634,0,0
2019-11-26-15-10-34-571824,0,0
2019-11-26-15-10-34-605729,0,0
2019-11-26-15-10-34-638567,0,0
2019-11-26-15-10-34-677033,0,0
2019-11-26-15-10-34-705576,0,0
2019-11-26-15-10-34-738441,0,0
2019-11-26-15-10-34-774484,0,0
2019-11-26-15-10-34-807143,0,0
2019-11-26-15-10-34-840798,0,0
2019-11-26-15-10-34-877711,0,0
2019-11-26-15-10-34-906879,0,0
2019-11-26-15-10-34-941254,0,0
2019-11-26-15-10-34-980547,0,0
2019-11-26-15-10-35-006546,0,0
2019-11-26-15-10-35-038249,0,0
2019-11-26-15-10-35-072606,0,0
2019-11-26-15-10-35-125190,0,0
2019-11-26-15-10-35-143117,0,0
2019-11-26-15-10-35-172180,0,0
2019-11-26-15-10-35-207052,0,0
2019-11-26-15-10-35-240423,0,0
2019-11-26-15-10-35-278304,0,0
2019-11-26-15-10-35-309678,0,0
2019-11-26-15-10-35-342579,0,0
2019-11-26-15-10-35-373650,0,0
2019-11-26-15-10-35-406658,0,0
2019-11-26-15-10-35-441070,0,0
2019-11-26-15-10-35-475201,0,0
2019-11-26-15-10-35-508372,0,0
2019-11-26-15-10-35-541215,0,0
2019-11-26-15-10-35-576105,0,0
2019-11-26-15-10-35-611917,0,0
2019-11-26-15-10-35-643878,0,0
2019-11-26-15-10-35-674965,0,0
2019-11-26-15-10-35-710801,0,0
2019-11-26-15-10-35-743075,0,0
2019-11-26-15-10-35-782244,0,0
2019-11-26-15-10-35-812064,0,0
2019-11-26-15-10-35-843833,0,0
2019-11-26-15-10-35-876208,0,0
2019-11-26-15-10-35-911911,0,0
2019-11-26-15-10-35-947100,0,0
2019-11-26-15-10-35-977137,0,0
2019-11-26-15-10-36-011450,0,0
2019-11-26-15-10-36-046890,0,0
2019-11-26-15-10-36-078008,0,0
2019-11-26-15-10-36-115355,0,0
2019-11-26-15-10-36-144356,0,0
2019-11-26-15-10-36-178434,0,0
2019-11-26-15-10-36-210773,0,0
2019-11-26-15-10-36-242415,0,0
2019-11-26-15-10-36-276612,0,0
2019-11-26-15-10-36-311403,0,0
2019-11-26-15-10-36-343293,0,0
2019-11-26-15-10-36-375353,0,0
2019-11-26-15-10-36-408936,0,0
2019-11-26-15-10-36-446392,0,0
2019-11-26-15-10-36-478399,0,0
2019-11-26-15-10-36-510045,0,0
2019-11-26-15-10-36-544098,0,0
2019-11-26-15-10-36-575309,0,0
2019-11-26-15-10-36-607278,0,0
2019-11-26-15-10-36-645914,0,0
2019-11-26-15-10-36-677324,0,0
2019-11-26-15-10-36-710999,0,0
2019-11-26-15-10-36-742903,0,0
2019-11-26-15-10-36-777510,0,0
2019-11-26-15-10-36-807526,0,0
2019-11-26-15-10-36-846647,0,0
2019-11-26-15-10-36-879903,0,0
2019-11-26-15-10-36-915424,0,0
2019-11-26-15-10-36-943153,0,0
2019-11-26-15-10-36-976977,0,0
2019-11-26-15-10-37-011225,0,0
2019-11-26-15-10-37-044982,0,0
2019-11-26-15-10-37-079843,0,0
2019-11-26-15-10-37-111131,0,0
2019-11-26-15-10-37-147773,0,0
2019-11-26-15-10-37-178618,0,0
2019-11-26-15-10-37-210462,0,0
2019-11-26-15-10-37-244020,0,0
2019-11-26-15-10-37-277217,0,0
2019-11-26-15-10-37-313323,0,0
2019-11-26-15-10-37-341543,0,0
2019-11-26-15-10-37-379995,0,0
2019-11-26-15-10-37-410633,0,0
2019-11-26-15-10-37-444248,0,0
2019-11-26-15-10-37-476296,0,0
2019-11-26-15-10-37-511297,0,0
2019-11-26-15-10-37-542398,0,0
2019-11-26-15-10-37-577797,0,0
2019-11-26-15-10-37-613773,0,0
2019-11-26-15-10-37-644430,0,0
2019-11-26-15-10-37-679449,0,0
2019-11-26-15-10-37-709823,0,0
2019-11-26-15-10-37-744234,0,0
2019-11-26-15-10-37-782419,0,0
2019-11-26-15-10-37-813475,0,0
2019-11-26-15-10-37-845257,0,0
2019-11-26-15-10-37-878607,0,0
2019-11-26-15-10-37-912666,0,0
2019-11-26-15-10-37-944333,0,0
2019-11-26-15-10-37-982807,0,0
2019-11-26-15-10-38-013665,0,0
2019-11-26-15-10-38-046388,0,0
2019-11-26-15-10-38-078402,0,0
2019-11-26-15-10-38-113308,0,0
2019-11-26-15-10-38-147061,0,0
2019-11-26-15-10-38-183754,0,0
2019-11-26-15-10-38-213813,0,0
2019-11-26-15-10-38-246386,0,0
2019-11-26-15-10-38-277876,0,0
2019-11-26-15-10-38-312846,0,0
2019-11-26-15-10-38-344303,0,0
2019-11-26-15-10-38-382077,0,0
2019-11-26-15-10-38-414688,0,0
2019-11-26-15-10-38-448842,0,0
2019-11-26-15-10-38-481428,0,0
2019-11-26-15-10-38-515941,0,0
2019-11-26-15-10-38-551958,0,0
2019-11-26-15-10-38-585253,0,0
2019-11-26-15-10-38-621640,0,0
2019-11-26-15-10-38-648835,0,0
2019-11-26-15-10-38-680975,0,0
2019-11-26-15-10-38-715658,0,0
2019-11-26-15-10-38-749161,0,0
2019-11-26-15-10-38-780745,0,0
2019-11-26-15-10-38-815033,0,0
2019-11-26-15-10-38-847819,0,0
2019-11-26-15-10-38-880616,0,0
2019-11-26-15-10-38-918298,0,0
2019-11-26-15-10-38-946867,0,0
2019-11-26-15-10-38-984156,0,0
2019-11-26-15-10-39-017381,0,0
2019-11-26-15-10-39-046762,0,0
2019-11-26-15-10-39-083288,0,0
2019-11-26-15-10-39-116485,0,0
2019-11-26-15-10-39-150306,0,0
2019-11-26-15-10-39-185373,0,0
2019-11-26-15-10-39-217170,0,0
2019-11-26-15-10-39-252067,0,0
2019-11-26-15-10-39-284431,0,0
2019-11-26-15-10-39-315551,0,0
2019-11-26-15-10-39-348136,0,0
2019-11-26-15-10-39-383870,0,0
2019-11-26-15-10-39-414860,0,0
2019-11-26-15-10-39-450701,0,0
2019-11-26-15-10-39-483631,0,0
2019-11-26-15-10-39-516875,0,0
2019-11-26-15-10-39-548682,0,0
2019-11-26-15-10-39-587212,0,0
2019-11-26-15-10-39-619701,0,0
2019-11-26-15-10-39-649892,0,0
2019-11-26-15-10-39-682319,0,0
2019-11-26-15-10-39-713872,0,0
2019-11-26-15-10-39-748584,0,0
2019-11-26-15-10-39-788200,0,0
2019-11-26-15-10-39-821716,0,0
2019-11-26-15-10-39-850520,0,0
2019-11-26-15-10-39-884376,0,0
2019-11-26-15-10-39-923276,0,0
2019-11-26-15-10-39-949967,0,0
2019-11-26-15-10-39-985067,0,0
2019-11-26-15-10-40-021074,0,0
2019-11-26-15-10-40-052962,0,0
2019-11-26-15-10-40-083622,0,0
2019-11-26-15-10-40-116472,0,0
2019-11-26-15-10-40-150495,0,0
2019-11-26-15-10-40-184484,0,0
2019-11-26-15-10-40-219451,0,0
2019-11-26-15-10-40-252911,0,0
2019-11-26-15-10-40-284383,0,0
2019-11-26-15-10-40-318701,0,0
2019-11-26-15-10-40-350321,0,0
2019-11-26-15-10-40-382646,0,0
2019-11-26-15-10-40-418051,0,0
2019-11-26-15-10-40-449791,0,0
2019-11-26-15-10-40-490730,0,0
2019-11-26-15-10-40-517871,0,0
2019-11-26-15-10-40-548788,0,0
2019-11-26-15-10-40-582601,0,0
2019-11-26-15-10-40-617660,0,0
2019-11-26-15-10-40-652984,0,0
2019-11-26-15-10-40-687079,0,0
2019-11-26-15-10-40-720704,0,0
2019-11-26-15-10-40-755134,0,0
2019-11-26-15-10-40-786131,0,0
2019-11-26-15-10-40-820465,0,0
2019-11-26-15-10-40-852492,0,0
2019-11-26-15-10-40-885919,0,0
2019-11-26-15-10-40-919005,0,0
2019-11-26-15-10-40-952356,0,0
2019-11-26-15-10-40-989207,0,0
2019-11-26-15-10-41-021846,0,0
2019-11-26-15-10-41-057335,0,0
2019-11-26-15-10-41-085914,0,0
2019-11-26-15-10-41-119390,0,0
2019-11-26-15-10-41-151904,0,0
2019-11-26-15-10-41-187013,0,0
2019-11-26-15-10-41-218246,0,0
2019-11-26-15-10-41-251302,0,0
2019-11-26-15-10-41-286024,0,0
2019-11-26-15-10-41-320354,0,0
2019-11-26-15-10-41-352836,0,0
2019-11-26-15-10-41-386756,0,0
2019-11-26-15-10-41-418589,0,0
2019-11-26-15-10-41-456534,0,0
2019-11-26-15-10-41-487861,0,0
2019-11-26-15-10-41-520934,0,0
2019-11-26-15-10-41-554865,0,0
2019-11-26-15-10-41-587246,0,0
2019-11-26-15-10-41-622157,0,0
2019-11-26-15-10-41-653287,0,0
2019-11-26-15-10-41-687001,0,0
2019-11-26-15-10-41-723897,0,0
2019-11-26-15-10-41-757841,0,0
2019-11-26-15-10-41-787658,0,0
2019-11-26-15-10-41-819607,0,0
2019-11-26-15-10-41-853393,0,0
2019-11-26-15-10-41-887315,0,0
2019-11-26-15-10-41-918796,0,0
2019-11-26-15-10-41-958056,0,0
2019-11-26-15-10-41-988292,0,0
2019-11-26-15-10-42-021158,0,0
2019-11-26-15-10-42-053875,0,0
2019-11-26-15-10-42-085271,0,0
2019-11-26-15-10-42-120492,0,0
2019-11-26-15-10-42-153939,0,0
2019-11-26-15-10-42-189345,0,0
2019-11-26-15-10-42-220298,0,0
2019-11-26-15-10-42-253500,0,0
2019-11-26-15-10-42-287868,0,0
2019-11-26-15-10-42-321259,0,0
2019-11-26-15-10-42-352750,0,0
2019-11-26-15-10-42-387260,0,0
2019-11-26-15-10-42-420991,0,0
2019-11-26-15-10-42-454964,0,0
2019-11-26-15-10-42-487504,0,0
2019-11-26-15-10-42-523646,0,0
2019-11-26-15-10-42-551731,0,0
2019-11-26-15-10-42-588881,0,0
2019-11-26-15-10-42-620738,0,0
2019-11-26-15-10-42-654484,0,0
2019-11-26-15-10-42-687724,0,0
2019-11-26-15-10-42-719497,0,0
2019-11-26-15-10-42-753622,0,0
2019-11-26-15-10-42-788071,0,0
2019-11-26-15-10-42-819133,0,0
2019-11-26-15-10-42-854097,0,0
2019-11-26-15-10-42-887360,0,0
2019-11-26-15-10-42-920760,0,0
2019-11-26-15-10-42-955541,0,0
2019-11-26-15-10-42-990099,0,0
2019-11-26-15-10-43-024003,0,0
2019-11-26-15-10-43-055373,0,0
2019-11-26-15-10-43-089784,0,0
2019-11-26-15-10-43-123344,0,0
2019-11-26-15-10-43-154885,0,0
2019-11-26-15-10-43-188278,0,0
2019-11-26-15-10-43-223255,0,0
2019-11-26-15-10-43-254544,0,0
2019-11-26-15-10-43-287129,0,0
2019-11-26-15-10-43-322493,0,0
2019-11-26-15-10-43-359953,0,0
2019-11-26-15-10-43-389916,0,0
2019-11-26-15-10-43-424427,0,0
2019-11-26-15-10-43-455194,0,0
2019-11-26-15-10-43-488150,0,0
2019-11-26-15-10-43-523041,0,0
2019-11-26-15-10-43-555363,0,0
2019-11-26-15-10-43-590925,0,0
2019-11-26-15-10-43-625462,0,0
2019-11-26-15-10-43-656170,0,0
2019-11-26-15-10-43-693705,0,0
2019-11-26-15-10-43-727352,0,0
2019-11-26-15-10-43-762453,0,0
2019-11-26-15-10-43-796554,0,0
2019-11-26-15-10-43-825515,0,0
2019-11-26-15-10-43-864624,0,0
2019-11-26-15-10-43-895581,0,0
2019-11-26-15-10-43-930723,0,0
2019-11-26-15-10-43-959921,0,0
2019-11-26-15-10-43-994507,0,0
2019-11-26-15-10-44-030883,0,0
2019-11-26-15-10-44-060754,0,0
2019-11-26-15-10-44-093635,0,0
2019-11-26-15-10-44-127399,0,0
2019-11-26-15-10-44-162898,0,0
2019-11-26-15-10-44-192404,0,0
2019-11-26-15-10-44-225305,0,0
2019-11-26-15-10-44-258678,0,0
2019-11-26-15-10-44-293688,0,0
2019-11-26-15-10-44-328214,0,0
2019-11-26-15-10-44-358179,0,0
2019-11-26-15-10-44-397684,0,0
2019-11-26-15-10-44-430522,0,0
2019-11-26-15-10-44-460503,0,0
2019-11-26-15-10-44-494348,0,0
2019-11-26-15-10-44-530429,0,0
2019-11-26-15-10-44-561621,0,0
2019-11-26-15-10-44-595682,0,0
2019-11-26-15-10-44-626999,0,0
2019-11-26-15-10-44-661962,0,0
2019-11-26-15-10-44-695221,0,0
2019-11-26-15-10-44-724953,0,0
2019-11-26-15-10-44-761122,0,0
2019-11-26-15-10-44-792059,0,0
2019-11-26-15-10-44-827422,0,0
2019-11-26-15-10-44-863390,0,0
2019-11-26-15-10-44-897860,0,0
2019-11-26-15-10-44-927995,0,0
2019-11-26-15-10-44-961049,0,0
2019-11-26-15-10-44-995343,0,0
2019-11-26-15-10-45-027515,0,0
2019-11-26-15-10-45-058407,0,0
2019-11-26-15-10-45-094410,0,0
2019-11-26-15-10-45-127321,0,0
2019-11-26-15-10-45-165471,0,0
2019-11-26-15-10-45-198500,0,0
2019-11-26-15-10-45-232170,0,0
2019-11-26-15-10-45-260501,0,0
2019-11-26-15-10-45-296517,0,0
2019-11-26-15-10-45-332617,0,0
2019-11-26-15-10-45-363345,0,0
2019-11-26-15-10-45-395349,0,0
2019-11-26-15-10-45-427145,0,0
2019-11-26-15-10-45-461341,0,0
2019-11-26-15-10-45-500162,0,0
2019-11-26-15-10-45-529369,0,0
2019-11-26-15-10-45-561155,0,0
2019-11-26-15-10-45-598547,0,0
2019-11-26-15-10-45-627286,0,0
2019-11-26-15-10-45-660444,0,0
2019-11-26-15-10-45-693267,0,0
2019-11-26-15-10-45-730085,0,0
2019-11-26-15-10-45-760755,0,0
2019-11-26-15-10-45-795078,0,0
2019-11-26-15-10-45-828751,0,0
2019-11-26-15-10-45-863679,0,0
2019-11-26-15-10-45-894885,0,0
2019-11-26-15-10-45-928274,0,0
2019-11-26-15-10-45-961113,0,0
2019-11-26-15-10-45-997263,0,0
2019-11-26-15-10-46-028434,0,0
2019-11-26-15-10-46-062506,0,0
2019-11-26-15-10-46-098003,0,0
2019-11-26-15-10-46-130427,0,0
2019-11-26-15-10-46-161179,0,0
2019-11-26-15-10-46-197444,0,0
2019-11-26-15-10-46-228380,0,0
2019-11-26-15-10-46-262947,0,0
2019-11-26-15-10-46-297048,0,0
2019-11-26-15-10-46-328163,0,0
2019-11-26-15-10-46-363317,0,0
2019-11-26-15-10-46-396998,0,0
2019-11-26-15-10-46-428516,0,0
2019-11-26-15-10-46-461553,0,0
2019-11-26-15-10-46-495051,0,0
2019-11-26-15-10-46-527901,0,0
2019-11-26-15-10-46-562871,0,0
2019-11-26-15-10-46-595680,0,0
2019-11-26-15-10-46-634514,0,0
2019-11-26-15-10-46-665039,0,0
2019-11-26-15-10-46-696701,0,0
2019-11-26-15-10-46-732607,0,0
2019-11-26-15-10-46-763824,0,0
2019-11-26-15-10-46-796714,0,0
2019-11-26-15-10-46-831531,0,0
2019-11-26-15-10-46-863103,0,0
2019-11-26-15-10-46-895924,0,0
2019-11-26-15-10-46-932993,0,0
2019-11-26-15-10-46-967533,0,0
2019-11-26-15-10-46-999589,0,0
2019-11-26-15-10-47-028952,0,0
2019-11-26-15-10-47-063626,0,0
2019-11-26-15-10-47-097284,0,0
2019-11-26-15-10-47-131244,0,0
2019-11-26-15-10-47-165503,0,0
2019-11-26-15-10-47-200349,0,0
2019-11-26-15-10-47-231641,0,0
2019-11-26-15-10-47-262806,0,0
2019-11-26-15-10-47-296627,0,0
2019-11-26-15-10-47-330290,0,0
2019-11-26-15-10-47-367246,0,0
2019-11-26-15-10-47-396070,0,0
2019-11-26-15-10-47-427950,0,0
2019-11-26-15-10-47-462292,0,0
2019-11-26-15-10-47-497117,0,0
2019-11-26-15-10-47-528282,0,0
2019-11-26-15-10-47-564908,0,0
2019-11-26-15-10-47-601312,0,0
2019-11-26-15-10-47-630742,0,0
2019-11-26-15-10-47-662932,0,0
2019-11-26-15-10-47-696754,0,0
2019-11-26-15-10-47-729276,0,0
2019-11-26-15-10-47-763482,0,0
2019-11-26-15-10-47-806400,0,0
2019-11-26-15-10-47-841457,0,0
